variable,importance
Band7,384.43850329685705
Band6,339.56385937821824
Band3,283.58766122831685
Band4,262.508404366452
Band2,259.9902447425015
Band5,259.4075041418797
Band1,175.73995769793538
