variable,importance
Band7,337.61872414339337
Band4,313.97585546397414
Band3,290.1668890826439
Band2,243.63325413632987
Band6,243.0261484177394
Band5,169.9146036604224
Band1,158.5700029583077
