variable,importance
Band7,370.7945094449826
Band6,310.1311470295563
Band4,284.59367328052235
Band2,273.3088827332853
Band3,265.3972568966587
Band5,243.9997977889564
Band1,175.48232731637881
