variable,importance
Band7,395.35379380399644
Band6,323.1251589293513
Band3,286.1070367470563
Band4,285.200821029362
Band2,261.5195328387391
Band5,253.92018829640824
Band1,154.19484224869223
